{
  "project_info": {
    "project_number": "506735348393",
    "project_id": "joseph-13648",
    "storage_bucket": "joseph-13648.appspot.com"
  },
  "client": [
    {
      "client_info": {
        "mobilesdk_app_id": "1:506735348393:android:76f898eb827d397125f7b8",
        "android_client_info": {
          "package_name": "com.jotreewater.socialsound"
        }
      },
      "oauth_client": [
        {
          "client_id": "506735348393-a72ugi3na4qqnn2vb6jl1d3iienf5u6p.apps.googleusercontent.com",
          "client_type": 3
        }
      ],
      "api_key": [
        {
          "current_key": "AIzaSyDI6WpV4dyJZGTuEZ3cDDG-dPyjTK2Jpbc"
        }
      ],
      "services": {
        "appinvite_service": {
          "other_platform_oauth_client": [
            {
              "client_id": "506735348393-a72ugi3na4qqnn2vb6jl1d3iienf5u6p.apps.googleusercontent.com",
              "client_type": 3
            }
          ]
        }
      }
    }
  ],
  "configuration_version": "1"
}